{
	"id":"stupidgauss",
	"name":"Stupid Gauss",
	"author":"Krill",
	"version":"A",
	"description":"shrimp rifle",
	"gameVersion":"0.97a-RC11",
	
	"replace": [
	#weapons
	"data/weapons/gauss.wpn",
	"data/weapons/proj/gauss_shot.proj",
	"data/weapons/arbalest.wpn",
	"data/weapons/proj/arbalest.proj",
	"data/weapons/pulselaser.wpn",
	"data/weapons/proj/pulselaser.proj",
	"data/weapons/heavyblaster.wpn",
	"data/weapons/proj/heavyblaster.proj",
	"data/weapons/hellbore.wpn",
	"data/weapons/proj/hellbore.proj",
	"data/weapons/irpulse.wpn",
	"data/weapons/irpulse_fighter.wpn",
	"data/weapons/proj/irpulse.proj",
	"data/weapons/phasebeam.wpn",
	"data/weapons/pdlaser.wpn",
	"data/weapons/lightneedler.wpn",
	"data/weapons/proj/lightneedler_shot.proj",
	#shipsystems
	"data/shipsystems/displacer.system",
	"data/shipsystems/displacer_degraded.system",
	"data/shipsystems/temporalshell.system",
	"data/shipsystems/phasecloak.system",
	#variants
	"data/variants/fighters/wasp_Interceptor.variant",
	]
}
