name,id,designation,tech/manufacturer,system id,fleet pts,hitpoints,armor rating,max flux,8/6/5/4%,flux dissipation,ordnance points,fighter bays,max speed,acceleration,deceleration,max turn rate,turn acceleration,mass,shield type,defense id,shield arc,shield upkeep,shield efficiency,phase cost,phase upkeep,min crew,max crew,cargo,fuel,fuel/ly,range,max burn,base value,cr %/day,CR to deploy,peak CR sec,CR loss/sec,supplies/rec,supplies/mo,c/s,c/f,f/s,f/f,crew/s,crew/f,hints,tags,rarity,breakProb,minPieces,maxPieces,travel drive,number
Spume,medusa,Destroyer,High Tech,displacer,12,2250,400,6000,"dur, flu, op",400,95,,100,90,60,40,100,300,OMNI,,120,0.3,0.6,,,35,50,50,40,2,20,9,60000,5,20,300,0.25,12,12,,,,,,,,"rare_bp, hist1t, merc, ind",,0.7,2,3,,309
Lucidity,scarab,Heavy Frigate,High Tech,temporalshell,8,3000,350,2000,"dur, flu, ppt",250,55,,130,120,100,60,120,300,OMNI,,180,0.4,0.6,,,35,45,40,20,1,20,10,30000,7,20,240,0.25,8,8,,,,,,,,"rare_bp, hist1t, merc, ind",,0.5,2,2,,220
,,,,,,,,,,,,,,,,,,,,,,,,,,,,,,,,,,,,,,,,,,,,,,,,,,,,,
Red Line,wasp,,High Tech,,,225,10,300,"flu, mob",50,0,,300,1000,2000,720,1080,10,NONE,,0,0,0,,,0,0,,,,,,,,,,,,,,,,,,,,,,0,,,,102
Senate,thunder,,Midline,microburn,,1000,125,0,,0,0,,2000,600,500,300,1500,30,NONE,,0,0,0,,,1,1,,,,,,,,,,,,,,,,,,,,,,0,,,,111