id,type,text1,text2,text3,text4,notes
gauss,WEAPON,"The coilgun would erode the barrel of itself if not for the fact that instead of launching solid matter in this case, it launches a cooled to near zero Kelvin gas displaying ferromagnetic properties. The destruction that follows is quite significant, albeit negated by ideal armour.

This creation were to be forever lost in the archives of the Domain, as it has been so hidden from sight to preserve the viability of certain ships relying on shields for their defensive capabilities. Many would consider this to be an overestimation nowadays. But this has been a legitimate threat back then. However the darkness has not fully swallowed this creation.

It has been unearthed. And now built all across the Persean Sector. Its click echoes in radio across time and space. In the minds of men, women and others. Who can't sleep. Waking up at night. Seeing their comrades broken in half by a sudden wave of pressure coming from far far away. Invisible ships hiding in darkness or beneath the ocean's waves of hyperspace. They come. They whisper.",,,,
arbalest,WEAPON,"Highly ridiculous anti-shield weapon fortunately restricted by an antiquated reloading system. Nonetheless, threatening enough to be utilised in the modern day by many a fleets patrolling the devastated world of post-Collapse.

The weapon's ability to tear asunder shields is quite useful at the same time against light or medium armour that has been somewhat disturbed. This does make it somewhat a practical master of all trades, jack of none. However numbers are numbers. And the ability of a ship to be granted the ability to destroy is always appreciated by entities that inhabit the beyond of Core Worlds and arrive here to devour the rekindled remnants of its riches.

The round can be formulated from many materials. However the most common choice is depleted uranium. This is cause the first ignition of colonization efforts are made by massive nuclear reactors. And also because colonies are always equipped with nuclear projectiles to be given the ability to deter a rapid offense of great ships arriving from space. Ironically many colonies first equip themselves with great launchers before building a sustainable amount of hospitals in their main area of operation. A typical example of capitalist paranoia displayed by the plentiful delusional entrepreneurs of every age.",,,,
pulselaser,WEAPON,"Devastating anti-hull weapon designated for immediate destruction of infantry of any kind of personnel for that matter. The mechanism by which the destruction occurs is via an extremely dense cloud of ions suspended in plasma. This concoction upon contact transforms a variety of materials, including biological ones into astonishingly beautiful works of art performed by the universe itself.

The weapon was considered immoral by the Domain at its peak, however the beginning of the end that was the Collapse has convinced even its most loyal to it remnants that no practical tool should be frowned upon. Especially considering that the most of the backlash against it was due to its extreme visual intensity. Therefore colossi of various kind as well as their lessers turn people into salt literally. As either bases or acids contact with human skin, first chewing the person's armour.

A swarm of these sound like crows. As they are the harbingers of the artist's arrival. The fascinating part about the mythos of the Domain. The those who were stranded in beyond the Core Worlds keep talking about him. Who is he? What is his purpose? He turns people into flowers? Obviously he doesn't exist. But the many strange tales are born within the emptiness of this universe.",,,,
irpulse,WEAPON,"A weapon that launches protons, neutrons, carbon ions via a cyclotron or a linear accelerator. Entirely dependant on the model, calibration, assembly or reassembly. As more than a hundred standardized variants exist in the Persean Sector. And a significant amount more non-standardized ones. Common enough to be quite effective amongst gangsters. It's appreciated for its straightforward basic nature of point thing at thing, see it blow up.

Extremely potent to some extent. These kinds of weapons used to be scaled up all the way to large energy weapons for capital ships. But no longer are due to bigger scale allowing for more technologically advanced solutions. Obviously however blueprints for such weapons would be highly welcome in the more decrepit parts of the Persean Sector. But they're not available. As those could only be found in archives of archaic but still quite complex tools which were not really that accessible in these parts of the universe.

Weapons like these were commonly utilised by primitive ships which were considered High Tech during the initial parts of humanity's pursuit of conquering the accessible space. Long before the setting up of gate networks. Weird looking trilobites or snail-like ships pursued more heavily armoured ones and shot them from close distances with potent particle guns. Eventually tearing them apart. Ships like these exist in the Persean Sector. Their form dead and reborn like a phoenix. But their image, their feel still very much the same. If old simulators and recordings are ringing bells of truth.",,,,
heavyblaster,WEAPON,"Launches a convoluted contraption capable of mimicking the process of fusion to the point of generating a ludicrous amount of energy to devastate whatever came into contact with it.

A diamond network of virus-sized machines surrounds a ball of gas and said network contracts intensely in a period of time short enough for an electron not to notice a change in its position. The coming pressures causes the synthesis of a pair of hydrogen into deuterium and then helium. The process fortunately takes place on a very small scale. Otherwise it would be capable of blowing up entire planets.

Tri-Tachyon directors argue that no High Tech ship should be forced to perform adequately, if capable, without being equipped with an effective nuclear fusion producer. However truth be told the amount of available models is often limited due to the amazing complexities of their production. After all diamonds may be common, but competent nanomachine assemblies are not.
",,,,
hellbore,WEAPON,"A nuke-launching rifle capable of destroying anything. This weapon has been developed during the Domain's relative peacetime. Prosperity. Freedom. Knowledge. Three soon to be subverted pillars as society began to collapse into authoritarianism long before the Collapse. And this weapon saw it coming.

The extremely volatile projectiles can only be prepared for launch in moderate amounts, unless one wishes to risk the entire ship turning into fragments launched all over the universe. This greatly restricts the effectiveness of the so-called Bill. However that isn't really a big deal considering how effective the strategy of bombing stuff with radiation is.

Many military groups are quite afraid of using Bill, because of the fact that its ammunition requires great care to not cause long-term health issues to its users. Hence why the utilisation of this tool has been associated with either very competent groups or quite stupid ones. Or the ones that are very desperate.",,,,
phasebeam,WEAPON,"Fires a temporal protolocator that establishes a phase space link that transfuses energy in-between entities in a cannibalistic interaction. Causing local devastation on a subatomic level.

To elaborate. The weapon produces a line of subatomic drones made from custom quarks capable of moving at universe creation speeds across dimensions. Seeking out a perfect anti-entity of presented entity across all existing dimensions. Then the drones make a connection in-between the entities, creating a link that demolishes them both as their antimatter and matter is consumed in the process of annihilation.

It's not clear when this technology was exactly created, however according to Domain archives, it is not necessarily AI-made. However its invention was apparently highly expensive. And ironically quite impractical. The scale at which these processes occur is so small that very few products using it exist.",,,,
pdlaser,WEAPON,"Concentrates a devastating amount of energy in light form via a liquid cletozomic structure, delivering destruction to incoming projectiles, fighters and close-quarter brawlers.

Cletozomy is a science studying the ability to concentrate light via liquid. Instead of using a static lens. Sorry, lens made of material existing in solid form. The lens is concentrated via a liquid aligned into a specific kind of shape via magnetic interaction. Cletozomy is a relatively modern science interested in utilising cheap resources and reducing maintenance costs. Its results are relatively comparable to that of solid solutions. With some unimportant exceptions.

PD Lasers evolved heavily across time. The expensiveness of materials made it so that they were initially quite ineffective at their job. However, Tri-Tachyon has invested significant amounts of resources across its existence in an attempt to create more potent PD tools that would be able to reinforce their products' presence. They succeeded.",,,,
lightneedler,WEAPON,"Born of complete ignoring of simplistic gun design. This weapon is capable of regenerating itself on a cellular level. Instead of being built from simplistic metal alloys, it is made from metallic tissue assembled by genetically modified organisms.

Very few guns were made like this one, this is because the technology necessary to create something like this is simply impossible. The complexities of preventing the constant creation of cancerous tissue that could result in the gun completely failing and often in a really dangerous way. The fact that everything has to align just right. A human group can try to farm these kind of things. Replicate all the mechanisms nature has created across billions of years. They may often stumble across new methods of creation on other planets that have alien life. Or they can hire an artificial intelligence or seventeen thousand of them to simulate hundreds of millions of years of evolution in months. Either way, the chance of succeeding is still miniscule.

Two machine arms exist on the right and left side. And they pack instantly upon a cobweb tiny strings. The cobweb launches forward at ridiculous speeds, the dart is released. It travels and then pierces the target. Or creates pressure points that overwhelm shields.",,,,
wasp,SHIP,"Fast and unmanned space vehicle that walks on six legs in hangar bays before being launched. The ship's intelligence is greatly limited. And due to a large amount of electronics being needed for competent cybernetic warfare in the modern day and age, the area of operation for these drones extends only as far as the carrier's control unit.

The greatest attribute is having the incredibly powerful defensive laser beam installed, which runs on the ship's extensive for its size flux network. With that along the ship's projectile launcher. The fighter can easily clear groups of enemies and or tear apart an unlucky straggler instantaneously. The ship's durability as well as its top speed is not that impressive. Allowing it to be shredded to pieces with competent anti-fighter defences.

Tri-Tachyon is known for using Red Line fighters as ground/air support units. Albeit mechanised personnel can easily deal with their limited durability and large bodies. Especially considering these vehicles have to slow down in order to not burn up in the atmosphere due to extensive friction. They do however have a certain level of terror to them. Especially considering their legs are sharp enough to impale lightly armoured bodies. If not for the copyright laws Tri-Tachyon still holds over them, far more movies would come out about the dangerous Red Lines going rogue and eating the brains of their creators and/or users. Well, that and the thoroughly strange pornographic material.",,,,