name,id,tier,rarity,base value,range,damage/second,damage/shot,emp,impact,turn rate,OPs,ammo,ammo/sec,reload size,type,energy/shot,energy/second,chargeup,chargedown,burst size,burst delay,min spread,max spread,spread/shot,spread decay/sec,beam speed,proj speed,launch speed,flight time,proj hitpoints,autofireAccBonus,extraArcForAI,hints,tags,groupTag,tech/manufacturer,for weapon tooltip>>,primaryRoleStr,speedStr,trackingStr,turnRateStr,accuracyStr,customPrimary,customPrimaryHL,customAncillary,customAncillaryHL,noDPSInTooltip,number
Shrimp Coilgun,gauss,3,,5000,1000,,1000,,300,5,25,,,,KINETIC,1200,,2,2,,,,,,,,2000,,,400,,,,"kinetic20, LR, remnant, rare_bp, hist1t, merc, ind",,Low Tech,,Sniper,,,,,,,,,,6
Elephant Gigarifle,arbalest,0,,800,700,,350,,100,8,8,6,0.36,,KINETIC,287,,,0.8,,,1.5,5.5,2,2.5,,800,,,100,,,"STRIKE, USE_VS_FRIGATES","kinetic12, base_bp, ind",,Midline,,Burst,,,,,,,,,,4.125
Plasma Interreactor,pulselaser,1,,1200,600,,100,,0,20,10,,,,FRAGMENTATION,30,,0.02,0.1,,,10,10,,,,1000,,,,,,"PD, PD_ALSO, ANTI_FTR","energy13, base_bp, merc, ind",,Low Tech,,Assault,,,,,,,,,,22
Sun Gun,heavyblaster,2,,2500,700,,400,,0,25,12,,,,ENERGY,450,,,2.05,2,0.05,0,2.5,2,0.5,,1500,,,,,,,"energy14, rare_bp, hist1t, merc, ind",,High Tech,,Damage,,,,,,,,,,22.25
Bill,hellbore,0,,3000,900,,1000,,200,5,16,50,0.04,,ENERGY,1100,,0,5,,,0.5,5,4,0.5,,400,,,400,,,"STRIKE, USE_VS_FRIGATES","he18, lowtech_bp, merc, ind",,Midline,,Anti Armor,,,,,,,,,,8
Achlorophylla,irpulse,1,,250,600,,200,,0,50,5,,,,ENERGY,200,,0.66666,1,,,,,,,,4000,,,,,,,"energy8, hightech_bp, merc, ind",,Low Tech,,Damage,,,,,,,,,,19.25
Achlorophylla,irpulse_fighter,1,,250,600,,200,,0,50,5,,,,ENERGY,200,,0.66666,2,,,,,,,,4000,,,,,,SYSTEM,energy8,,Low Tech,,Damage,,,,,,,,,,19.3
Particle Disturber,phasebeam,1,,1500,800,500,,,0,20,10,,,,ENERGY,,200,8,1,1,10,,,,,3200,,,,,,,"STRIKE, USE_VS_FRIGATES","energy14, beam10, rare_bp, merc, ind",,High Tech,,Sniper,,,,,,,,,,20
Deathbeam,pdlaser,1,,200,400,200,,,0,100,4,,,,ENERGY,,80,1,0.25,,,,,,,10000,,,,,,,PD,"pd7, beam7, SR, hightech_bp, midline_bp, merc, ind",,Midline,,Defense,,,,,,,,,,17
Anti-Rifle,lightneedler,3,0.3,800,700,,30,,1,20,8,,,,KINETIC,25,,1,4,100,0.05,0,10,0.2,2.5,,1400,,,10,,,,"kinetic9, LR, remnant, rare_bp, hist1t, merc, ind",,High Tech,,Anti Shield,,,,,,,,,,3.65